release_year,release_month,genre,director,budget,revenues,ratings_A,ratings_B,ratings_C
2011,5,Drama,Dr. Orchid,123198.54,86818.64,5.5,5,28
2010,9,Crime,Miss Scarlett,79514.41,110426.76,4.7,2,41
2013,12,Action,Mrs. Peacock,59183.65,41547.81,6.8,5,80
2015,12,Action,Mme. Rose,21410.05,73048.18,5.7,5,49
2018,11,Fantasy,Inspector Gray,141103.66,123397.76,9.2,3,100
2013,10,Crime,M. Brunette,66410.76,81379.02,1.3,5,43
2017,4,Comedy,Mme. Rose,74442.27,109340.42,6.9,1,14
2011,7,Thriller,Chef White,96801.79,119456.22,3.1,5,40
2013,7,Fantasy,Miss Scarlett,65585.6,109489.59,2.9,1,61
2011,2,Fantasy,Dr. Orchid,113219.58,110029.23,1.1,3,21
2017,6,Thriller,Miss Scarlett,112629.41,91363.72,4.0,3,84
2018,5,Adventure,Inspector Gray,103178.72,76498.43,3.8,5,4
2010,4,Drama,Chef White,165808.79,100562.25,2.6,4,9
2011,2,Adventure,Professor Plum,62930.27,142360.07,4.2,3,92
2015,8,Action,Professor Plum,94848.66,102266.61,1.0,4,44
2012,7,Comedy,Reverend Green,75470.86,104693.58,2.1,4,61
2012,9,Animation,Mrs. Peacock,63855.08,106038.63,7.0,4,35
2019,10,Crime,Mme. Rose,75092.61,83601.73,8.6,2,16
2019,10,Animation,Professor Plum,109846.84,81607.27,4.0,2,22
2010,11,Thriller,M. Brunette,121533.02,87770.94,1.8,4,94
2020,7,Crime,Mme. Rose,44724.38,115370.51,4.5,3,52
2020,9,Fantasy,Miss Scarlett,74779.71,84683.92,1.5,2,93
2013,12,Adventure,Reverend Green,76951.56,116674.09,8.1,2,99
2019,5,Adventure,Chef White,111800.26,102235.39,6.1,4,62
2018,2,Drama,Lady Lavender,95127.32,110355.97,0.9,3,28
2015,5,Adventure,Mme. Rose,67553.34,111262.42,9.0,2,52
2010,12,Drama,Chef White,94692.21,117550.56,0.1,2,5
2018,5,Adventure,Inspector Gray,96100.67,113537.39,3.8,5,26
2012,1,Thriller,Chef White,111878.66,114582.79,8.7,3,79
2019,5,Horror,Dr. Orchid,67770.09,78025.31,7.9,4,52
2020,5,Thriller,Mrs. Peacock,93965.18,85545.22,0.7,5,16
2019,9,Horror,Mrs. Peacock,62296.37,97836.52,6.5,3,37
2020,6,Crime,Inspector Gray,64158.23,110962.37,9.3,3,52
2011,10,Drama,Reverend Green,53143.53,130744.34,2.6,4,55
2014,1,Adventure,M. Brunette,128842.37,98643.1,9.0,5,83
2020,8,Drama,Reverend Green,83423.73,111771.98,1.3,5,59
2013,11,Horror,Inspector Gray,111959.83,65399.85,8.2,5,89
2013,9,Drama,Reverend Green,109330.03,96447.64,1.1,2,33
2019,2,Crime,Mme. Rose,72715.76,128041.91,2.7,3,33
2018,1,Drama,Chef White,68131.21,103627.22,4.6,5,80
2018,2,Adventure,Dr. Orchid,83469.01,135905.93,9.4,1,58
2011,4,Adventure,Mrs. Peacock,110446.62,103873.15,0.1,5,27
2016,9,Mystery,Colonel Mustard,103318.4,66716.14,7.3,4,64
2016,3,Crime,Professor Plum,76152.79,75729.68,0.1,3,23
2019,8,Adventure,Chef White,62686.35,107026.14,6.6,1,42
2011,7,Thriller,Colonel Mustard,87350.67,52200.13,5.7,1,70
2011,12,Fantasy,Lady Lavender,21225.57,82290.88,0.4,1,77
2019,8,Drama,Chef White,57208.27,59535.77,2.3,4,47
2015,5,Crime,Miss Scarlett,72553.58,66765.29,5.2,4,92
2018,4,Drama,Miss Scarlett,142374.26,114672.11,8.5,4,26
2017,3,Animation,Mrs. Peacock,79370.91,99271.04,0.5,1,43
2016,10,Comedy,Mrs. Peacock,61346.15,136419.88,8.6,3,18
2018,8,Animation,Reverend Green,77442.82,133287.32,9.4,2,33
2012,8,Crime,Mrs. Peacock,74926.31,91090.11,1.9,1,87
2015,6,Mystery,Dr. Orchid,82815.95,59538.01,4.1,5,31
2017,1,Crime,Dr. Orchid,87311.5,76434.12,7.9,5,66
2011,9,Horror,Mme. Rose,109626.37,99331.36,9.2,4,86
2017,1,Adventure,Miss Scarlett,80633.84,94876.46,5.2,3,62
2011,10,Thriller,Colonel Mustard,111329.57,42288.64,9.3,3,0
2016,4,Mystery,Colonel Mustard,50932.82,82880.42,1.9,2,80
2014,11,Animation,Miss Peach,64298.94,72134.25,8.2,3,19
2012,4,Animation,Miss Scarlett,86316.28,111580.57,9.5,3,29
2015,6,Animation,Professor Plum,94402.65,102983.02,7.5,1,12
2020,7,Crime,Miss Peach,113312.78,81517.55,8.1,3,6
2010,4,Animation,Miss Peach,143611.78,136663.84,7.5,2,60
2018,8,Thriller,Mme. Rose,90440.79,57642.84,2.8,2,36
2014,6,Crime,Miss Peach,55569.89,67881.17,9.0,5,66
2016,4,Fantasy,Inspector Gray,86436.05,97418.4,7.0,1,75
2016,12,Adventure,Professor Plum,102821.68,108183.41,0.9,5,42
2017,8,Action,Reverend Green,127854.98,133832.97,2.0,2,19
2011,11,Adventure,Lady Lavender,118401.36,118113.71,9.8,1,3
2018,9,Drama,Dr. Orchid,130365.86,71123.08,8.1,4,55
2014,5,Crime,Mrs. Peacock,93503.15,133242.6,4.8,5,77
2010,12,Drama,M. Brunette,141049.21,64911.64,8.8,5,30
2018,12,Fantasy,M. Brunette,105400.34,80584.88,1.6,1,12
2017,5,Mystery,Mme. Rose,76161.32,94975.86,2.0,2,97
2018,6,Horror,Lady Lavender,29074.93,84939.05,3.3,1,66
2012,6,Animation,Miss Peach,62939.47,124522.52,6.9,4,21
2011,4,Animation,M. Brunette,58446.92,92868.11,6.6,3,20
2018,4,Action,Inspector Gray,123801.14,76448.05,9.2,4,22
2019,3,Animation,M. Brunette,119623.35,144769.08,0.6,2,26
2017,6,Fantasy,Miss Peach,107598.76,58564.52,6.6,5,65
2015,4,Mystery,Colonel Mustard,124848.93,79177.94,2.2,5,83
2011,9,Mystery,Mme. Rose,62172.53,97806.67,8.3,1,18
2013,12,Action,Lady Lavender,73679.69,107737.91,0.4,1,80
2015,4,Crime,Colonel Mustard,97234.44,143734.69,2.2,3,94
2019,6,Drama,Inspector Gray,76661.29,128806.46,1.6,4,90
2017,10,Action,Inspector Gray,30470.79,82258.14,1.7,2,77
2014,6,Mystery,Reverend Green,74618.83,65546.85,1.7,1,100
2018,7,Horror,Mrs. Peacock,125550.7,71794.12,5.5,5,98
2016,10,Drama,Colonel Mustard,122451.63,120649.77,5.9,3,20
2015,6,Comedy,Colonel Mustard,112229.28,51144.98,0.3,3,4
2017,7,Crime,Lady Lavender,137626.18,102340.08,6.4,3,65
2016,8,Action,Inspector Gray,137743.01,122970.68,2.9,2,60
2018,5,Crime,Professor Plum,68518.12,77401.56,3.8,5,11
2019,6,Mystery,Chef White,69120.15,117519.17,3.0,2,16
2015,11,Crime,Lady Lavender,37843.3,100793.73,3.6,5,72
2019,7,Drama,Miss Scarlett,73147.65,110800.11,8.7,4,71
2019,7,Drama,Chef White,13632.84,107430.83,7.9,1,99
2018,11,Crime,Miss Scarlett,116448.14,120324.27,2.3,5,82
2010,12,Thriller,Chef White,71084.78,65623.09,4.1,3,63
2011,5,Thriller,Miss Peach,88217.05,81483.58,8.4,5,6
2017,2,Fantasy,Reverend Green,95732.36,111497.85,3.5,2,9
2010,9,Fantasy,M. Brunette,47185.9,108673.94,6.5,1,71
2015,2,Crime,Miss Peach,120670.73,98465.7,9.5,2,31
2020,3,Action,M. Brunette,67125.04,80910.45,6.4,1,67
2010,8,Fantasy,Mme. Rose,99377.94,108093.53,2.8,1,13
2012,8,Horror,Reverend Green,115743.29,66736.08,4.3,4,1
2010,10,Mystery,Dr. Orchid,165382.67,92587.88,9.8,5,16
2017,5,Comedy,Mme. Rose,131993.77,86570.82,6.2,1,57
2018,8,Horror,Lady Lavender,31280.36,70330.4,8.6,1,45
2018,1,Adventure,Colonel Mustard,93749.97,95354.18,8.5,2,11
2015,8,Mystery,M. Brunette,88576.62,127430.0,8.5,5,30
2010,2,Fantasy,Inspector Gray,87301.28,136460.16,9.0,5,90
2016,7,Horror,Miss Peach,146332.09,92922.99,9.7,5,23
2013,10,Crime,Mrs. Peacock,91050.59,82415.69,6.2,4,32
2013,9,Horror,Lady Lavender,127418.55,107830.04,3.6,2,47
2013,5,Drama,Miss Peach,60181.4,102605.77,8.5,3,33
2017,5,Fantasy,Dr. Orchid,61224.47,114810.3,3.2,1,62
2011,9,Animation,Miss Peach,98595.35,132705.62,2.0,4,59
2012,2,Comedy,Lady Lavender,128862.66,87268.52,9.9,4,11
2012,5,Drama,Miss Scarlett,130207.24,98463.16,3.2,4,30
2010,11,Comedy,Colonel Mustard,123602.24,133708.53,7.3,3,52
2020,8,Horror,Chef White,81837.41,108307.39,6.2,5,94
2014,4,Horror,Lady Lavender,42609.88,77050.24,1.9,5,65
2015,3,Fantasy,Professor Plum,120938.7,110857.55,9.6,2,90
2014,8,Action,Lady Lavender,70342.5,97817.3,3.8,1,31
2013,4,Adventure,Miss Scarlett,149423.36,115375.27,6.3,2,8
2014,6,Drama,Miss Scarlett,39982.65,119030.71,10.0,4,99
2019,5,Horror,Chef White,61785.0,59593.87,0.3,2,54
2014,4,Comedy,Lady Lavender,88503.49,164230.02,2.8,3,49
2011,9,Drama,Lady Lavender,24624.48,125817.7,2.7,5,56
2010,1,Horror,Inspector Gray,77385.34,88231.14,7.4,2,3
2020,2,Adventure,Colonel Mustard,64497.9,79637.33,5.7,3,94
2011,8,Horror,Mrs. Peacock,76443.5,99647.76,8.5,1,35
2015,8,Horror,Reverend Green,102916.58,124951.08,5.8,5,63
2014,4,Animation,Inspector Gray,111123.89,71273.89,8.6,3,2
2011,12,Drama,M. Brunette,149812.12,88918.22,0.2,1,44
2018,11,Comedy,Dr. Orchid,172099.14,122640.61,4.4,2,76
2010,1,Crime,Miss Scarlett,106744.84,107857.33,3.0,3,59
2018,2,Fantasy,Mme. Rose,5108.36,119467.69,8.0,1,36
2013,5,Animation,Mme. Rose,95493.5,78067.01,3.1,1,92
2010,2,Mystery,Inspector Gray,49716.69,109994.47,9.5,3,32
2011,6,Drama,Mrs. Peacock,64368.93,125373.68,0.1,1,78
2012,2,Adventure,Chef White,81837.54,92579.77,9.9,4,41
2018,6,Crime,Inspector Gray,83062.78,99921.02,7.7,4,32
2010,4,Mystery,Colonel Mustard,118831.86,101802.61,7.7,3,91
2019,12,Adventure,Chef White,89478.43,94258.12,1.2,1,62
2018,7,Drama,Dr. Orchid,100443.12,149485.48,1.8,4,48
2014,5,Action,Miss Peach,177455.77,117113.35,9.6,5,80
2016,3,Mystery,Miss Scarlett,98987.4,121483.02,3.9,2,67
2017,12,Comedy,Professor Plum,29780.25,34609.84,9.6,3,28
2018,5,Animation,Colonel Mustard,66188.67,82519.63,3.2,2,78
2012,3,Fantasy,Miss Peach,144284.28,132259.23,9.7,2,93
2013,12,Action,Professor Plum,45092.85,136609.45,5.9,4,30
2018,8,Adventure,Miss Peach,65102.32,90070.46,2.2,2,94
2010,4,Adventure,Dr. Orchid,132560.48,92471.83,0.5,5,21
2010,4,Adventure,Colonel Mustard,100221.3,68585.97,4.0,5,26
2013,3,Fantasy,Dr. Orchid,67149.12,107496.27,4.1,1,21
2019,10,Fantasy,Colonel Mustard,104287.38,86310.16,7.2,4,74
2011,6,Mystery,Chef White,113034.7,123704.48,0.8,1,43
2018,9,Drama,Mrs. Peacock,73122.74,88302.4,1.1,5,67
2019,5,Drama,Inspector Gray,104525.74,83510.6,9.2,1,94
2015,1,Adventure,Professor Plum,90056.63,90353.04,7.9,3,26
2016,3,Fantasy,Mrs. Peacock,125523.37,117619.57,0.1,4,99
2015,6,Drama,Mme. Rose,133722.68,128251.59,8.5,1,9
2016,10,Comedy,M. Brunette,99024.04,112588.3,6.1,3,77
2019,12,Animation,Colonel Mustard,112149.82,108328.76,2.8,2,76
2015,4,Adventure,Inspector Gray,119959.81,70520.66,3.5,4,36
2020,1,Horror,Chef White,114896.94,116252.4,0.6,5,75
2020,11,Action,Inspector Gray,4447.86,100334.76,6.2,4,51
2013,9,Horror,Miss Peach,81855.0,91177.73,2.3,2,78
2013,7,Comedy,Colonel Mustard,100624.01,106945.2,6.1,4,4
2020,5,Comedy,Mme. Rose,10238.17,46235.61,4.3,4,61
2011,12,Action,Colonel Mustard,115847.03,93666.87,4.9,5,49
2017,5,Crime,Chef White,91505.01,105504.81,2.4,5,91
2020,5,Crime,Mme. Rose,41721.05,104801.67,4.7,4,37
2017,8,Mystery,Lady Lavender,56426.16,80630.46,2.0,3,94
2012,9,Mystery,Colonel Mustard,67591.69,77002.68,7.2,5,16
2011,5,Mystery,Mrs. Peacock,56813.8,126548.54,4.7,5,61
2017,4,Drama,Miss Scarlett,92705.6,75960.89,7.9,4,42
2010,1,Thriller,Colonel Mustard,66491.64,64653.71,2.4,5,72
2016,4,Crime,Miss Scarlett,74026.0,139663.96,7.5,5,3
2015,7,Crime,M. Brunette,50121.91,120272.07,5.7,1,96
2019,5,Drama,Dr. Orchid,60963.49,88065.07,9.6,5,11
2016,8,Horror,Miss Peach,43203.45,126524.95,1.1,4,7
2017,3,Animation,Mme. Rose,89801.18,68523.47,7.9,3,46
2010,12,Crime,Chef White,60374.53,89078.04,2.6,1,7
2020,1,Mystery,Colonel Mustard,79494.28,146723.8,0.4,2,48
2014,5,Adventure,Miss Scarlett,122417.51,104481.06,3.3,2,2
2015,1,Drama,Mrs. Peacock,116613.71,119206.3,3.5,2,41
2010,2,Action,Reverend Green,64811.74,109311.1,9.5,5,97
2014,1,Crime,Professor Plum,116833.25,122497.25,8.8,3,20
2015,7,Thriller,Lady Lavender,77533.3,118237.06,4.9,5,12
2014,1,Crime,Miss Peach,141434.71,155968.88,7.3,3,96
2015,3,Animation,Mme. Rose,81598.01,119842.71,1.5,2,27
2013,2,Crime,Lady Lavender,55472.38,84571.32,2.7,3,47
2010,4,Crime,Colonel Mustard,86286.29,35194.43,6.1,4,33
2013,9,Horror,Miss Peach,50962.91,138437.14,8.7,2,82
2015,7,Mystery,Chef White,100138.24,74482.06,2.6,1,55
2016,3,Horror,Inspector Gray,139954.02,94617.14,2.1,4,10
2013,11,Comedy,Miss Scarlett,54843.26,104660.29,5.8,3,29
2020,1,Comedy,Colonel Mustard,72683.16,120928.16,5.5,4,68
2019,11,Thriller,Inspector Gray,100197.85,77676.11,8.3,4,57
2011,2,Drama,Mrs. Peacock,54267.61,111091.44,7.4,2,5
2013,9,Thriller,M. Brunette,84461.9,107268.29,7.2,1,48
2020,3,Horror,Miss Scarlett,97314.83,109400.01,1.1,4,92
2018,4,Fantasy,Reverend Green,51681.21,54749.99,7.0,3,79
2020,12,Animation,Inspector Gray,90287.1,149457.41,8.5,5,86
2013,12,Horror,Dr. Orchid,74614.17,86891.97,8.6,4,45
2012,4,Adventure,Lady Lavender,78925.84,101975.98,2.8,3,80
2014,7,Adventure,Lady Lavender,73115.15,106710.17,4.6,2,97
2020,5,Mystery,Chef White,72352.61,75594.54,2.1,2,30
2012,7,Thriller,M. Brunette,64860.07,84007.75,2.5,4,62
2018,2,Mystery,Lady Lavender,81871.28,114380.98,4.5,1,38
2015,1,Mystery,Colonel Mustard,109059.96,43046.08,5.0,3,75
2015,10,Horror,M. Brunette,56268.25,130519.39,8.0,1,2
2012,1,Action,Chef White,84023.73,113572.33,9.6,1,44
2015,8,Action,M. Brunette,117829.27,130013.85,3.8,2,55
2019,5,Drama,Mrs. Peacock,117971.41,60828.4,0.3,4,52
2010,7,Mystery,Miss Scarlett,113202.03,109258.65,6.4,3,98
2020,11,Animation,Professor Plum,130899.98,83174.85,2.8,3,63
2020,9,Action,Reverend Green,75745.63,137644.13,1.8,5,72
2019,1,Horror,M. Brunette,99943.44,128455.49,2.3,3,29
2018,5,Horror,Mme. Rose,131845.82,119192.47,8.0,1,19
2015,12,Thriller,Inspector Gray,59280.16,120045.12,7.0,3,94
2016,5,Drama,Colonel Mustard,123565.31,127543.58,2.5,2,71
2016,6,Drama,M. Brunette,62857.44,116378.61,0.1,3,85
2014,8,Adventure,Mme. Rose,77946.6,80972.38,9.7,5,1
2013,3,Drama,Mrs. Peacock,101272.27,108864.8,5.6,2,47
2017,4,Mystery,Chef White,62248.92,105043.57,1.2,1,10
2013,10,Crime,Lady Lavender,93806.05,94940.58,0.1,4,92
2019,3,Horror,Inspector Gray,52346.76,55980.7,0.3,3,26
2018,11,Drama,Mrs. Peacock,84300.08,106778.83,10.0,4,80
2017,3,Fantasy,Professor Plum,77925.38,116413.1,0.7,5,87
2020,3,Adventure,Professor Plum,102658.07,114178.68,5.0,4,49
2013,10,Drama,Inspector Gray,46105.25,101652.7,1.3,4,80
2017,1,Fantasy,Mme. Rose,61710.98,91297.68,5.1,1,71
2010,8,Crime,Inspector Gray,56592.28,105189.91,3.9,2,51
2013,3,Thriller,M. Brunette,97898.6,103872.76,3.2,2,38
2014,3,Drama,Reverend Green,66232.7,98346.3,7.8,1,2
2017,8,Action,Lady Lavender,106693.5,134852.19,6.9,4,56
2012,10,Crime,Dr. Orchid,62335.16,79199.12,10.0,4,74
2015,2,Horror,Miss Scarlett,111501.25,25400.25,7.6,4,26
2014,3,Mystery,Chef White,70386.48,71522.43,3.2,5,50
2013,12,Thriller,Mrs. Peacock,125254.38,97311.22,0.3,2,100
2016,6,Drama,Colonel Mustard,102031.72,93345.32,5.6,2,99
2015,8,Drama,Miss Peach,131172.94,116218.19,8.1,3,43
2019,1,Thriller,Professor Plum,135770.33,94912.12,0.3,2,14
2014,6,Crime,Mrs. Peacock,15731.74,101856.92,9.2,4,9
2014,7,Action,M. Brunette,116214.77,125902.94,2.8,4,4
2010,12,Mystery,Miss Peach,96955.58,126620.66,7.5,3,61
2018,8,Action,Dr. Orchid,90609.77,116839.5,6.9,3,70
2014,4,Adventure,Inspector Gray,91050.43,117972.74,5.9,1,13
2015,1,Drama,Inspector Gray,114345.27,152966.79,3.1,3,74
2019,10,Animation,M. Brunette,86476.91,127527.0,0.5,4,53
2010,3,Adventure,Chef White,113485.71,98456.12,6.3,1,0
2018,9,Animation,Professor Plum,69913.93,137938.45,8.0,2,8
2018,2,Comedy,Dr. Orchid,114860.75,97748.37,7.2,2,81
2014,7,Fantasy,Mme. Rose,76507.64,103170.98,4.3,5,98
2018,12,Comedy,Miss Peach,130009.02,102191.27,6.7,2,30
2015,9,Crime,Mme. Rose,141784.79,74941.6,5.9,3,59
2010,2,Comedy,Miss Peach,112931.56,104323.59,0.3,3,80
2020,6,Fantasy,Colonel Mustard,107406.24,106189.95,4.8,2,92
2015,6,Fantasy,Miss Peach,105752.28,78434.14,2.2,3,3
2015,9,Action,Chef White,65315.04,119264.4,7.7,3,53
2014,12,Mystery,Mrs. Peacock,107316.39,73215.32,2.8,1,94
2015,5,Adventure,Dr. Orchid,124057.55,107503.77,8.7,3,74
2012,7,Action,Inspector Gray,100438.08,66953.53,2.0,1,5
2018,6,Comedy,M. Brunette,71920.4,86266.8,3.3,1,13
2016,4,Animation,Reverend Green,145256.76,101329.36,8.1,3,2
2018,3,Adventure,Colonel Mustard,39399.62,103226.03,6.1,3,43
2013,4,Comedy,Reverend Green,102232.01,112636.57,8.5,1,46
2010,9,Fantasy,Miss Peach,107580.13,88181.2,0.7,2,55
2011,12,Crime,Chef White,145993.65,119017.8,8.2,3,94
2014,10,Comedy,Chef White,108832.94,101854.59,9.9,2,68
2012,1,Comedy,Dr. Orchid,103385.59,100007.96,9.3,4,32
2015,12,Comedy,Professor Plum,79482.7,69904.25,9.7,5,79
2011,8,Comedy,Miss Peach,93132.63,102609.54,0.1,2,57
2016,8,Animation,Lady Lavender,111018.23,74555.47,3.5,3,66
2013,10,Mystery,Dr. Orchid,77947.14,101822.81,1.8,2,89
2012,4,Comedy,Professor Plum,82306.69,85933.66,6.4,3,60
2012,1,Adventure,M. Brunette,88363.61,75409.3,0.5,1,22
2012,6,Animation,Lady Lavender,62923.44,143512.79,3.2,1,31
2016,11,Animation,Lady Lavender,85461.55,95980.46,6.3,2,39
2012,5,Action,Mrs. Peacock,50440.36,83299.1,3.9,2,96
2015,6,Horror,Inspector Gray,63491.3,82011.98,3.2,1,62
2016,4,Animation,Miss Peach,83692.03,100892.82,2.5,2,83
2010,3,Adventure,Mme. Rose,139498.47,91947.92,3.2,4,84
2018,8,Action,Miss Scarlett,50220.89,86625.26,0.1,1,40
2015,10,Comedy,Reverend Green,83796.34,112614.8,2.6,5,95
2012,4,Horror,M. Brunette,80608.4,102677.98,2.8,2,40
2010,11,Fantasy,M. Brunette,119125.05,124736.63,0.7,4,31
2013,7,Animation,M. Brunette,91565.81,80847.6,7.3,1,84
2012,7,Action,Mrs. Peacock,74911.15,114900.45,5.6,1,14
2011,12,Horror,Professor Plum,129655.08,110689.97,7.4,1,53
2012,4,Adventure,Miss Peach,96001.21,119094.1,5.1,3,22
2018,7,Mystery,Chef White,66296.92,71574.78,3.9,3,66
2015,7,Adventure,Lady Lavender,156573.3,125333.43,8.4,1,22
2013,8,Adventure,Inspector Gray,113424.87,81096.53,5.6,1,21
2011,3,Fantasy,Reverend Green,80861.03,80991.86,8.3,4,89
2012,8,Comedy,Inspector Gray,103649.75,71420.28,1.6,4,81
2012,7,Action,Mrs. Peacock,95582.11,144897.65,8.4,5,40
2013,12,Adventure,Colonel Mustard,132266.16,102089.59,4.5,1,48
2013,11,Adventure,Reverend Green,121958.08,108485.99,9.1,5,88
2017,2,Adventure,Mrs. Peacock,99632.22,116601.27,5.4,1,11
2012,12,Drama,M. Brunette,120122.95,125323.3,3.4,2,4
2015,1,Animation,Miss Peach,67194.63,110772.22,4.5,5,29
2013,4,Crime,Chef White,92417.56,84710.28,2.1,3,32
2013,2,Action,Colonel Mustard,117960.69,108383.5,4.5,2,74
2013,8,Drama,Miss Scarlett,39264.1,110050.4,7.8,2,58
2016,11,Thriller,Miss Peach,103624.08,107300.66,8.0,2,85
2018,9,Adventure,Colonel Mustard,62055.43,104777.33,7.1,4,26
2011,5,Crime,Mrs. Peacock,119002.51,80940.82,9.5,5,31
2012,1,Animation,Mrs. Peacock,87781.85,129174.32,5.8,2,80
2013,6,Mystery,M. Brunette,62669.19,98267.61,8.7,1,95
2011,12,Animation,Chef White,124589.66,106464.95,0.7,2,56
2014,10,Action,Miss Peach,56883.48,69188.23,6.5,1,10
2016,12,Drama,Dr. Orchid,77481.8,91260.13,1.7,5,68
2014,6,Action,M. Brunette,78047.22,95181.88,7.8,2,89
2011,5,Crime,Lady Lavender,104991.66,101370.26,7.3,3,6
2013,7,Drama,Miss Scarlett,162850.83,61422.84,4.8,5,23
2020,12,Adventure,Reverend Green,71776.57,80106.93,8.2,2,17
2014,7,Adventure,Miss Scarlett,91066.85,149546.63,9.9,1,23
2020,4,Animation,Inspector Gray,98724.61,87424.55,2.8,1,28
2017,2,Animation,Reverend Green,53934.42,144786.16,5.9,3,80
2016,9,Comedy,Mme. Rose,89279.79,99688.96,8.9,2,64
2010,12,Thriller,Reverend Green,115800.27,123625.23,4.8,4,35
2011,8,Animation,Colonel Mustard,47326.82,79814.47,7.8,4,56
2014,3,Horror,Colonel Mustard,82831.3,118010.83,7.9,4,21
2016,8,Thriller,Colonel Mustard,72136.9,99918.46,3.0,5,85
2015,3,Mystery,Mrs. Peacock,129020.17,137379.1,9.4,5,30
2012,10,Action,Chef White,54867.05,136387.45,1.8,1,90
2017,7,Adventure,Miss Scarlett,97932.31,102891.6,7.9,5,1
2016,4,Crime,Colonel Mustard,91055.5,134939.21,1.6,3,73
2012,7,Horror,Miss Peach,86091.83,108335.97,4.0,3,11
2012,9,Comedy,Lady Lavender,140402.17,129298.55,0.0,1,95
2011,5,Mystery,Chef White,157595.76,127487.82,6.4,1,56
2020,2,Adventure,M. Brunette,102634.16,112279.79,7.5,4,89
2014,5,Adventure,Lady Lavender,41045.61,119792.23,6.5,1,49
2011,10,Drama,Miss Peach,69916.38,113098.08,3.7,2,38
2016,12,Action,Chef White,109742.15,139175.76,4.0,4,1
2018,3,Crime,Miss Peach,113141.06,105972.4,2.7,5,39
2017,4,Horror,Professor Plum,73483.68,119518.35,2.1,3,76
2011,3,Fantasy,Colonel Mustard,44099.23,124779.76,4.1,1,46
2014,5,Action,Dr. Orchid,69262.06,107863.35,1.6,5,79
2016,6,Action,Professor Plum,81049.71,77330.7,3.7,2,19
2013,8,Action,Miss Scarlett,63950.32,72304.02,1.0,2,50
2012,4,Drama,Miss Peach,154121.99,115780.54,2.5,4,45
2011,4,Comedy,Colonel Mustard,79524.81,103309.46,1.5,5,82
2017,12,Fantasy,Lady Lavender,99276.74,52784.4,9.0,2,38
2015,2,Action,Reverend Green,121327.17,101661.24,6.0,3,67
2011,5,Animation,Inspector Gray,100646.53,78055.98,8.7,3,64
2017,11,Drama,M. Brunette,102298.99,88110.06,5.4,4,6
2019,2,Thriller,Miss Scarlett,64316.09,80280.46,5.3,1,89
2014,5,Comedy,Reverend Green,55863.67,105357.55,4.8,5,55
2017,11,Mystery,Reverend Green,143724.52,97791.5,6.0,4,34
2014,7,Drama,Reverend Green,79799.19,108254.01,2.1,1,67
2011,9,Animation,Miss Peach,40892.75,82876.87,6.9,4,4
2012,1,Horror,Lady Lavender,79060.67,104511.32,5.5,5,8
2020,12,Thriller,Colonel Mustard,141643.84,101895.08,1.9,5,57
2011,5,Action,Professor Plum,94986.35,75703.56,1.6,4,68
2017,11,Adventure,Dr. Orchid,118111.04,160093.98,7.8,5,8
2012,11,Crime,Miss Peach,98551.56,58208.29,8.5,1,0
2019,7,Adventure,Miss Scarlett,91134.0,113717.8,4.7,3,69
2012,9,Crime,Mme. Rose,90142.0,94487.23,6.1,5,61
2019,10,Mystery,Miss Scarlett,90146.32,87398.9,7.9,5,36
2017,5,Comedy,Inspector Gray,111032.55,122251.34,6.3,4,13
2012,12,Crime,Inspector Gray,120308.65,95623.66,2.6,5,26
2020,5,Action,Professor Plum,136457.82,53704.97,10.0,2,9
2012,12,Action,Mme. Rose,81182.15,45546.93,5.9,3,10
2011,10,Mystery,Professor Plum,122698.19,114958.84,3.4,3,11
2012,8,Drama,Mrs. Peacock,83812.15,60177.61,2.7,2,85
2017,2,Drama,Chef White,71554.29,114468.91,1.9,5,2
2012,9,Mystery,Mme. Rose,129340.76,109946.82,9.5,2,0
2010,8,Fantasy,Miss Peach,114994.21,135725.69,7.6,2,30
2019,10,Action,Dr. Orchid,82261.93,103854.7,5.5,1,27
2019,2,Drama,Miss Peach,62047.77,172182.27,1.8,2,98
2017,9,Horror,Colonel Mustard,91201.47,67829.7,8.4,3,81
2017,11,Animation,Inspector Gray,81272.75,101810.6,5.3,1,15
2017,6,Horror,Miss Scarlett,93174.13,99042.67,9.5,3,46
2012,11,Action,Lady Lavender,98182.82,97785.78,0.2,3,32
2020,5,Mystery,Colonel Mustard,69334.22,132831.87,0.4,2,48
2012,4,Comedy,Mme. Rose,48291.77,111261.53,4.1,2,35
2012,9,Fantasy,Dr. Orchid,54086.2,104903.87,0.5,3,77
2019,12,Fantasy,Mrs. Peacock,147711.94,120172.58,6.0,2,65
2014,11,Fantasy,Miss Scarlett,76299.18,112603.67,9.7,3,27
2011,5,Action,Colonel Mustard,66457.05,43572.53,3.0,4,38
2012,7,Fantasy,Colonel Mustard,117746.99,130069.78,4.3,3,21
2012,11,Horror,Reverend Green,105911.44,93044.65,0.1,2,41
2015,8,Action,Lady Lavender,71056.62,90990.64,4.9,5,98
2016,7,Fantasy,Reverend Green,66169.8,38388.74,8.0,1,39
2012,2,Drama,Inspector Gray,63290.92,144393.8,2.7,2,33
2019,4,Action,Colonel Mustard,73228.29,107364.45,7.1,3,69
2015,7,Mystery,Lady Lavender,55315.43,86448.55,3.6,4,39
2014,5,Animation,Professor Plum,75196.96,100435.46,4.1,2,51
2018,9,Mystery,Chef White,158224.11,120165.14,0.1,1,42
2011,3,Drama,Mme. Rose,131742.98,114143.74,8.6,2,44
2011,1,Crime,Colonel Mustard,60833.47,80006.97,7.5,5,37
2016,12,Crime,Mme. Rose,157369.68,70134.34,3.7,1,31
2019,6,Mystery,Lady Lavender,110929.3,108610.28,4.7,4,97
2012,11,Drama,Lady Lavender,102908.21,97052.62,10.0,2,68
2017,12,Crime,Mme. Rose,75645.98,96426.66,9.9,3,72
2013,6,Comedy,M. Brunette,87447.28,94929.19,0.0,2,30
2018,5,Adventure,Lady Lavender,75301.03,67021.36,3.4,4,75
2019,1,Animation,Lady Lavender,54048.86,95268.11,5.1,3,78
2012,4,Fantasy,Inspector Gray,79614.92,87925.71,9.4,1,86
2011,5,Crime,Miss Scarlett,62225.12,90893.63,7.6,4,40
2013,12,Horror,M. Brunette,39391.54,102888.2,2.0,4,70
2010,4,Fantasy,Miss Scarlett,116133.29,81453.77,6.9,1,75
2016,8,Mystery,Inspector Gray,132621.85,151222.62,6.9,2,15
2017,4,Comedy,Dr. Orchid,106640.69,147746.63,6.4,3,47
2011,7,Adventure,Lady Lavender,107029.65,74982.12,2.7,4,48
2018,12,Animation,Inspector Gray,149137.25,144575.65,1.7,1,20
2014,10,Comedy,Mme. Rose,74350.15,128210.02,7.2,4,85
2010,1,Mystery,Lady Lavender,71755.09,77271.15,8.7,4,62
2017,4,Mystery,Miss Peach,112212.26,83383.51,4.6,1,35
2012,12,Mystery,Mrs. Peacock,74123.1,85657.04,5.0,4,74
2011,10,Animation,Mrs. Peacock,109839.0,135552.61,4.0,3,3
2016,12,Animation,Miss Scarlett,69222.11,99188.89,6.1,1,79
2014,11,Mystery,Professor Plum,99031.09,97250.25,9.4,4,26
2016,1,Thriller,Professor Plum,27956.24,74823.36,1.6,3,67
2010,2,Animation,Professor Plum,91463.44,100928.68,4.6,4,45
2018,6,Horror,Lady Lavender,39528.18,115388.15,4.6,4,77
2012,11,Animation,Lady Lavender,39504.24,109547.31,0.3,1,94
2011,1,Action,Mme. Rose,60275.95,82288.96,4.8,3,59
2017,12,Horror,Lady Lavender,131953.28,113826.07,5.5,4,96
2016,1,Comedy,Professor Plum,117362.39,102541.15,0.0,2,53
2017,11,Adventure,Mme. Rose,116237.36,96217.97,5.1,1,9
2011,10,Comedy,Inspector Gray,78301.29,142436.24,7.0,5,81
2017,9,Action,Colonel Mustard,95506.23,130282.23,1.2,3,19
2018,9,Drama,Colonel Mustard,130330.16,55921.31,4.6,4,73
2020,4,Animation,Dr. Orchid,124912.27,124716.79,3.3,3,100
2016,11,Crime,Professor Plum,83079.32,131043.54,2.2,2,77
2011,1,Mystery,Mme. Rose,40932.12,88418.06,4.2,3,25
2017,11,Thriller,Lady Lavender,107908.33,66711.34,8.0,4,81
2014,5,Thriller,Lady Lavender,55903.05,75127.42,3.9,3,15
2012,10,Adventure,Lady Lavender,68934.9,61865.93,2.6,5,84
2017,11,Animation,Mrs. Peacock,87905.74,83217.18,9.2,2,37
2011,6,Action,Mrs. Peacock,84750.76,118879.58,3.6,3,71
2010,10,Adventure,Reverend Green,89012.98,116191.28,2.0,3,84
2013,6,Fantasy,Lady Lavender,49986.62,106279.74,5.8,2,58
2012,1,Action,Dr. Orchid,10728.64,148801.29,0.3,5,10
2012,11,Drama,Dr. Orchid,74777.61,113383.17,9.8,5,87
2015,5,Adventure,Mrs. Peacock,94719.63,113791.39,5.3,2,51
2019,5,Adventure,Inspector Gray,106175.24,128783.02,4.2,1,23
2017,1,Horror,Reverend Green,45491.23,58106.31,10.0,3,48
2011,10,Animation,Miss Peach,146148.92,87680.65,2.3,2,59
2011,3,Comedy,Lady Lavender,118632.82,84040.3,5.5,5,80
2012,6,Adventure,Inspector Gray,126059.46,108580.3,7.6,5,59
2013,12,Crime,M. Brunette,94409.06,95572.66,2.5,5,58
2011,4,Animation,Inspector Gray,71946.07,89170.6,4.7,3,98
2020,11,Animation,Dr. Orchid,105596.43,79541.34,1.7,4,12
2013,11,Horror,Dr. Orchid,78032.64,143187.48,4.8,5,72
2013,9,Horror,M. Brunette,91806.16,74366.0,8.6,4,32
2019,4,Thriller,Reverend Green,107389.67,116014.05,1.7,4,73
2018,8,Comedy,Dr. Orchid,105969.9,57267.36,7.9,1,57
2012,12,Comedy,Mrs. Peacock,57770.12,85666.62,3.0,2,17
2019,2,Action,Mrs. Peacock,86482.93,108623.16,0.4,2,20
2012,1,Adventure,Inspector Gray,61238.36,100963.93,6.5,5,52
2018,5,Thriller,M. Brunette,106714.17,65796.68,2.9,5,99
2018,8,Comedy,M. Brunette,160192.96,130263.24,2.5,4,68
2013,6,Crime,Mrs. Peacock,135131.29,111114.05,3.4,3,85
2018,7,Mystery,Mme. Rose,34606.21,69065.26,2.7,1,11
2016,2,Comedy,Chef White,79014.48,108793.23,0.4,4,56
2020,12,Animation,Inspector Gray,73093.51,106944.79,9.1,1,43
2016,1,Mystery,Colonel Mustard,28993.09,121775.23,6.1,1,5
2012,12,Crime,Colonel Mustard,108876.47,71250.13,6.0,5,30
2010,9,Crime,Miss Scarlett,86376.43,122473.27,1.1,1,89
2017,3,Comedy,M. Brunette,145417.87,80740.93,10.0,1,44
2013,4,Crime,Miss Scarlett,102650.26,91997.18,1.0,1,11
2016,12,Action,Colonel Mustard,74751.45,118875.34,9.3,3,11
2019,1,Fantasy,Lady Lavender,112658.63,63642.5,2.9,2,51
2019,11,Action,Colonel Mustard,71791.57,65523.62,3.7,3,9
2017,7,Horror,Chef White,135145.04,116557.46,3.6,3,81
2012,1,Drama,Reverend Green,82578.01,115586.41,1.9,1,97
2020,12,Animation,M. Brunette,132241.52,82896.34,1.6,4,62
2015,4,Adventure,Mme. Rose,59455.58,40525.1,8.8,5,55
2019,3,Drama,Mme. Rose,63657.68,71188.64,2.6,1,100
2012,2,Adventure,Mrs. Peacock,112592.52,87338.41,5.1,1,62
2019,12,Fantasy,Colonel Mustard,58984.4,133724.77,0.8,4,21
2016,8,Comedy,Professor Plum,93216.23,140732.39,9.8,4,24
2018,1,Action,M. Brunette,113592.65,121211.09,5.2,1,37
2012,9,Adventure,Chef White,63284.31,100120.7,3.7,5,96
2011,7,Mystery,Lady Lavender,85141.96,117876.94,2.6,4,0
2013,9,Comedy,Professor Plum,161748.23,71425.05,4.1,3,10
2016,1,Animation,Inspector Gray,85420.78,84206.73,4.3,4,25
2019,6,Action,Dr. Orchid,106917.92,69701.02,3.3,1,100
2018,7,Mystery,Dr. Orchid,115077.14,132048.8,7.6,1,22
2010,4,Fantasy,Colonel Mustard,106690.56,109214.37,0.3,2,77
2014,9,Adventure,M. Brunette,126618.97,81472.09,9.6,3,0
2020,3,Animation,Miss Peach,89215.25,112248.41,0.5,3,73
2011,3,Animation,Lady Lavender,122869.95,85578.56,7.6,3,57
2016,12,Drama,Lady Lavender,97015.19,101469.43,2.4,3,13
2012,12,Crime,Miss Scarlett,76939.69,55801.14,2.0,2,75
2017,6,Fantasy,Lady Lavender,89332.4,113195.4,5.3,1,17
2016,9,Comedy,Dr. Orchid,98031.88,88493.76,0.4,4,82
2013,4,Thriller,Miss Peach,55285.6,53968.75,9.7,2,26
2018,11,Horror,Dr. Orchid,89487.31,68455.44,0.5,5,5
2020,4,Fantasy,Mme. Rose,115333.67,112139.92,5.1,5,28
2020,10,Thriller,Reverend Green,89017.44,98823.4,8.9,3,38
2016,10,Thriller,Mme. Rose,94214.52,121309.6,1.5,5,71
2017,12,Mystery,Inspector Gray,41307.1,93064.93,2.4,5,36
2013,12,Crime,M. Brunette,91026.03,100643.73,5.0,1,14
2011,11,Drama,Chef White,108618.44,117317.41,8.4,5,59
2013,7,Action,M. Brunette,76173.83,107127.7,0.4,2,100
2016,8,Crime,Professor Plum,55349.28,105231.08,6.9,2,88
2018,3,Drama,Colonel Mustard,69046.5,119384.11,7.2,3,20
2016,3,Mystery,Mme. Rose,89153.9,112978.55,1.3,4,14
2019,2,Animation,Reverend Green,85941.16,147666.47,7.5,2,40
2012,4,Adventure,Mme. Rose,89651.14,40876.43,3.2,3,80
2020,1,Animation,Mme. Rose,43927.33,92032.49,8.4,3,96
2020,3,Action,Reverend Green,169983.52,135718.29,9.6,2,30
2010,6,Comedy,Miss Peach,78435.73,72121.32,7.8,1,54
2019,2,Animation,Inspector Gray,128132.62,80648.22,4.7,4,53
2020,1,Animation,M. Brunette,51000.78,80266.19,7.5,2,96
2015,4,Thriller,Mrs. Peacock,69419.6,146299.41,9.9,1,54
2018,6,Action,Lady Lavender,61440.53,81191.55,5.7,4,74
2016,10,Action,Mrs. Peacock,102152.71,99416.55,7.1,3,16
2017,6,Action,Reverend Green,110401.16,112573.29,1.2,3,56
2017,6,Fantasy,Mrs. Peacock,136539.55,88687.76,8.6,5,26
2016,5,Horror,Reverend Green,137174.28,123540.82,2.6,5,5
2010,7,Drama,Lady Lavender,110109.94,91283.27,3.8,4,47
2020,11,Animation,Dr. Orchid,57342.04,97736.03,3.2,4,33
2017,7,Horror,Lady Lavender,92073.14,87821.23,8.7,4,23
2020,11,Action,Lady Lavender,47005.32,124803.5,6.0,4,30
2015,8,Horror,Inspector Gray,116198.92,88267.52,6.1,3,43
2017,8,Adventure,Chef White,103394.51,154947.37,5.9,2,8
2012,3,Action,M. Brunette,29889.17,96106.33,7.8,4,16
2012,4,Action,Professor Plum,80422.15,92728.09,0.1,5,40
2012,12,Horror,Lady Lavender,52686.48,49718.76,1.4,4,60
2011,12,Thriller,Lady Lavender,104205.83,95479.2,3.1,5,79
2020,4,Drama,Miss Scarlett,65650.57,130650.56,6.3,2,61
2015,1,Comedy,Dr. Orchid,46376.13,106772.7,3.0,1,65
2019,6,Fantasy,Colonel Mustard,67757.01,93244.0,0.7,1,27
2020,7,Fantasy,Colonel Mustard,121231.88,108066.19,2.2,1,80
2016,11,Fantasy,Mrs. Peacock,134495.59,88071.46,2.0,4,14
2010,7,Action,Dr. Orchid,42072.32,100644.8,8.2,2,17
2012,5,Fantasy,Dr. Orchid,90572.22,138835.55,3.1,1,41
2011,6,Action,Miss Scarlett,102676.57,103506.32,6.3,4,31
2010,11,Drama,Colonel Mustard,126947.67,141146.39,0.4,4,28
2011,8,Adventure,Mme. Rose,96920.39,80756.48,3.1,5,36
2011,12,Action,Lady Lavender,75801.09,116508.09,3.0,3,16
2018,9,Thriller,Miss Peach,79689.2,89416.93,9.4,1,87
2020,9,Action,Miss Peach,67974.92,84117.81,5.9,5,89
2019,12,Action,Miss Scarlett,109022.02,135609.41,4.0,2,61
2011,8,Mystery,Miss Scarlett,69006.71,90465.61,1.4,2,75
2016,7,Crime,Reverend Green,108340.98,83532.29,6.2,5,1
2018,2,Horror,Reverend Green,129827.56,104686.33,1.0,1,31
2019,4,Mystery,Inspector Gray,96531.29,92473.48,4.0,3,48
2015,9,Comedy,Reverend Green,133051.83,109297.82,6.7,3,35
2013,10,Thriller,Dr. Orchid,76362.88,127653.66,5.2,4,34
2015,8,Crime,Mrs. Peacock,119844.13,97435.34,3.2,5,68
2018,1,Drama,Mrs. Peacock,91499.99,97416.95,2.0,2,61
2020,8,Animation,Colonel Mustard,108561.37,116707.39,9.2,2,11
2016,1,Crime,Reverend Green,63835.04,87015.14,4.1,4,12
2017,12,Comedy,Miss Peach,86139.37,93457.63,5.4,1,70
2013,4,Mystery,Mrs. Peacock,81986.22,115667.93,2.7,1,66
2019,1,Animation,Professor Plum,56675.19,81977.21,3.4,4,64
2020,4,Animation,Miss Peach,67605.06,106683.35,2.0,4,89
2020,4,Mystery,Colonel Mustard,117705.41,118822.55,7.0,3,19
2016,8,Horror,Inspector Gray,78248.68,60153.08,2.2,3,63
2012,4,Mystery,Professor Plum,106703.93,65043.54,2.6,2,1
2017,4,Horror,M. Brunette,79319.04,85215.94,8.4,5,43
2013,5,Animation,Miss Peach,45560.69,111566.03,6.6,5,88
2019,7,Animation,Inspector Gray,20023.93,119059.63,0.5,3,9
2016,6,Horror,Mme. Rose,81093.9,97631.59,8.9,3,77
2013,12,Animation,Colonel Mustard,103109.71,130881.66,5.7,3,86
2014,9,Action,Dr. Orchid,87510.19,114655.26,4.6,2,74
2018,11,Comedy,M. Brunette,111076.49,85190.32,2.5,3,61
2016,10,Crime,Reverend Green,85563.5,87148.74,3.4,5,21
2011,3,Action,Mme. Rose,120304.96,74010.26,0.1,5,68
2017,2,Mystery,Colonel Mustard,101025.36,127714.65,8.6,2,63
2013,10,Crime,Lady Lavender,52045.87,122804.94,6.8,4,38
2013,12,Animation,Mme. Rose,78943.82,100151.49,5.1,4,0
2013,5,Fantasy,Professor Plum,159506.27,159825.96,1.8,3,85
2019,2,Fantasy,Dr. Orchid,126619.58,134526.22,1.1,4,11
2019,8,Horror,Colonel Mustard,105127.29,120032.55,6.3,2,47
2019,10,Drama,Dr. Orchid,80993.29,78628.0,5.9,2,55
2013,12,Animation,Mme. Rose,65588.71,115667.48,3.7,3,3
2016,6,Mystery,Reverend Green,86682.13,71107.61,9.1,1,9
2014,10,Thriller,M. Brunette,95159.36,74119.86,1.9,3,50
2012,9,Horror,Miss Scarlett,124539.09,139188.92,7.7,3,35
2010,6,Horror,M. Brunette,119914.94,84320.61,7.6,1,39
2018,11,Horror,Reverend Green,143215.13,107081.32,8.7,3,92
2011,8,Action,Colonel Mustard,84522.91,112746.18,9.0,2,66
2013,5,Horror,Miss Peach,80201.16,109952.84,9.3,2,40
2015,12,Adventure,M. Brunette,86126.42,93148.54,7.1,1,17
2020,10,Thriller,Lady Lavender,85344.84,116107.42,6.4,3,96
2015,1,Fantasy,Reverend Green,39014.55,85540.1,4.1,4,57
2018,7,Crime,M. Brunette,99533.09,77384.12,9.0,4,85
2014,8,Action,Mrs. Peacock,70680.29,118905.65,8.9,2,53
2016,9,Animation,Dr. Orchid,107334.59,108506.42,3.6,2,13
2015,12,Comedy,Lady Lavender,93030.14,102230.68,5.7,4,68
2012,6,Mystery,Professor Plum,63846.82,92970.93,7.3,4,80
2020,7,Adventure,Mme. Rose,167823.61,114009.36,10.0,1,95
2020,8,Fantasy,Chef White,147864.14,117765.96,5.5,2,18
2014,3,Adventure,Mme. Rose,43960.49,89830.37,3.1,4,95
2010,3,Mystery,Mrs. Peacock,127610.76,120972.34,7.4,4,27
2019,5,Adventure,M. Brunette,87323.92,89802.02,0.4,2,76
2011,7,Horror,Chef White,118540.43,146183.97,8.3,4,6
2010,5,Action,Inspector Gray,131438.41,98801.88,7.5,2,96
2011,9,Action,Mrs. Peacock,141171.86,110122.5,0.8,1,70
2012,8,Animation,Mrs. Peacock,72303.91,101136.38,1.5,1,69
2015,5,Thriller,Mrs. Peacock,74766.2,154837.15,5.4,3,20
2018,8,Mystery,Miss Peach,98611.42,81988.02,1.5,4,98
2019,7,Action,Lady Lavender,64964.51,95889.45,7.6,1,19
2013,9,Adventure,Miss Peach,62606.36,111702.58,4.9,4,28
2013,5,Crime,Colonel Mustard,102113.47,89181.54,0.1,4,1
2016,11,Drama,Chef White,107305.91,113679.97,2.5,2,16
2016,7,Mystery,Inspector Gray,107233.03,107696.45,8.8,2,22
2010,12,Horror,Chef White,62106.86,87130.21,7.6,1,56
2018,6,Adventure,Inspector Gray,122960.97,94219.15,9.4,5,53
2020,8,Crime,Colonel Mustard,89894.66,94054.22,0.8,5,95
2018,9,Drama,Chef White,82801.19,122254.17,4.7,1,26
2014,8,Thriller,Chef White,42341.48,109725.85,7.8,3,48
2012,1,Thriller,Mrs. Peacock,60102.92,64276.91,7.6,1,57
2017,6,Drama,Reverend Green,92851.63,100823.63,9.3,3,31
2010,4,Action,Mme. Rose,83908.76,133748.97,4.8,2,61
2018,8,Comedy,Professor Plum,99700.49,94860.62,4.6,4,28
2015,12,Horror,Professor Plum,124862.33,91070.48,1.4,2,1
2010,5,Adventure,Miss Scarlett,63372.69,66207.25,7.7,1,44
2011,9,Action,Mrs. Peacock,84518.64,107033.73,8.7,1,41
2020,7,Action,Mrs. Peacock,84789.85,83718.25,9.7,1,79
2010,2,Thriller,Miss Scarlett,68133.42,85893.54,3.2,5,5
2020,10,Thriller,Inspector Gray,149560.35,61037.4,4.1,2,41
2019,4,Mystery,Dr. Orchid,102677.23,78528.93,3.3,5,82
2017,12,Comedy,Reverend Green,87233.66,73578.85,1.4,3,21
2017,2,Animation,Chef White,127924.4,127421.47,4.3,5,8
2013,7,Horror,Chef White,125226.33,93345.73,1.1,3,70
2012,6,Adventure,Miss Peach,96260.22,114483.74,8.2,4,92
2019,10,Thriller,Inspector Gray,30275.69,72261.1,8.9,2,6
2010,11,Action,Mrs. Peacock,67245.93,125765.92,6.1,2,98
2013,8,Horror,Professor Plum,64902.81,65631.45,8.2,3,56
2016,2,Action,Miss Peach,39042.3,87604.19,4.2,1,7
2020,2,Mystery,Mrs. Peacock,91889.63,73882.28,4.5,4,73
2015,4,Comedy,Reverend Green,102911.11,93520.59,2.3,3,82
2010,5,Mystery,Inspector Gray,57492.02,73499.73,1.8,1,78
2011,2,Horror,Colonel Mustard,63834.76,91715.68,5.3,2,82
2019,9,Fantasy,Inspector Gray,94438.16,37833.09,5.5,1,53
2011,4,Action,Mme. Rose,100150.35,64028.47,0.6,2,45
2011,12,Crime,Miss Scarlett,70062.53,74195.08,7.5,1,98
2018,11,Animation,Miss Scarlett,133153.54,97089.41,1.5,3,15
2010,9,Crime,Inspector Gray,72142.96,140644.29,9.0,1,2
2018,6,Action,Miss Peach,98005.02,81112.99,3.3,1,37
2013,6,Animation,Lady Lavender,145100.16,74097.52,7.1,4,10
2014,3,Drama,Lady Lavender,106430.52,116062.36,3.9,5,6
2013,3,Horror,Reverend Green,159037.24,47560.09,4.9,4,17
2016,11,Action,Mme. Rose,132946.7,126034.07,0.4,4,23
2015,4,Animation,Miss Scarlett,90642.59,97647.82,8.8,2,18
2012,7,Fantasy,Chef White,92267.34,72881.5,3.2,2,42
2011,4,Mystery,Inspector Gray,79494.2,148262.97,5.1,1,67
2015,4,Mystery,Mrs. Peacock,81952.83,82104.29,0.9,4,45
2019,2,Horror,Professor Plum,127607.55,71699.85,8.0,4,51
2011,7,Crime,Inspector Gray,96452.08,145141.5,1.4,1,6
2011,4,Adventure,Lady Lavender,70207.29,115972.63,3.6,2,47
2013,9,Drama,Mrs. Peacock,39364.64,120181.48,8.9,2,61
2016,11,Horror,Lady Lavender,107718.61,101200.92,9.6,2,22
2010,2,Action,Miss Scarlett,104829.7,91868.75,7.1,4,100
2016,7,Comedy,Inspector Gray,88573.12,89190.81,3.0,3,59
2017,6,Drama,Lady Lavender,110423.09,78151.1,1.9,2,57
2015,12,Mystery,Lady Lavender,103430.25,81080.21,8.8,3,42
2013,1,Thriller,Lady Lavender,46569.77,86510.41,7.4,1,59
2015,9,Action,Professor Plum,138059.37,82283.64,5.6,2,20
2011,3,Fantasy,Miss Peach,142599.87,134559.57,9.0,4,27
2016,3,Drama,Inspector Gray,81229.09,112991.58,0.0,4,85
2018,11,Action,Mrs. Peacock,89748.93,89186.65,9.6,1,18
2014,4,Adventure,Reverend Green,72035.5,126682.43,2.1,3,33
2013,3,Horror,Miss Peach,112092.53,147916.66,8.2,4,49
2016,2,Adventure,Lady Lavender,72536.63,84237.64,3.6,4,60
2012,5,Drama,Dr. Orchid,76913.2,113365.86,3.7,3,16
2020,1,Horror,Mme. Rose,144171.74,101641.76,6.9,5,74
2017,5,Animation,M. Brunette,111491.05,120220.21,2.4,3,53
2013,6,Adventure,Miss Peach,92908.13,116869.17,9.0,5,45
2012,5,Animation,Colonel Mustard,77919.07,52694.22,1.8,3,73
2019,8,Adventure,Lady Lavender,11584.27,117049.69,2.5,2,68
2016,12,Fantasy,Dr. Orchid,86338.89,98462.03,9.3,2,71
2020,5,Crime,Dr. Orchid,83807.82,79945.68,4.5,5,77
2012,9,Comedy,Professor Plum,84674.76,93573.28,9.8,2,99
2016,6,Crime,Colonel Mustard,102439.46,156364.74,7.2,2,92
2012,3,Drama,Miss Peach,82180.41,89980.39,0.1,1,17
2012,7,Adventure,Lady Lavender,150941.0,58466.84,0.2,1,93
2014,10,Horror,Miss Peach,57093.61,89927.67,9.3,1,7
2011,8,Adventure,Mme. Rose,58651.56,100528.27,7.7,3,100
2017,3,Crime,Miss Scarlett,170188.29,93400.03,1.0,3,8
2015,3,Drama,Inspector Gray,53053.18,108355.9,2.5,3,92
2018,9,Comedy,Reverend Green,112378.15,94551.02,1.8,5,40
2015,1,Animation,M. Brunette,177614.88,116832.53,0.2,3,86
2016,3,Mystery,Colonel Mustard,117926.8,84131.78,7.7,5,71
2012,9,Adventure,Chef White,48406.62,114093.93,6.0,5,13
2014,3,Action,Inspector Gray,131066.31,131198.32,5.0,2,76
2020,9,Comedy,Reverend Green,73517.04,76024.96,8.5,4,75
2016,9,Adventure,Professor Plum,102763.67,109969.5,7.3,4,26
2012,6,Horror,Mme. Rose,153774.34,123125.94,7.0,2,95
2012,12,Comedy,Dr. Orchid,73464.44,127059.33,6.5,3,83
2017,2,Adventure,Reverend Green,119415.88,99754.74,6.5,4,80
2015,5,Comedy,M. Brunette,81102.65,133267.82,6.8,3,35
2011,8,Animation,Colonel Mustard,86845.48,145103.44,3.9,5,74
2019,8,Drama,Miss Scarlett,127253.71,101734.83,0.7,3,55
2010,7,Action,Inspector Gray,75454.49,92194.8,2.0,2,36
2010,3,Crime,Colonel Mustard,85978.99,109719.84,0.4,3,73
2012,10,Fantasy,Inspector Gray,80298.9,83652.83,9.5,4,16
2015,1,Action,M. Brunette,95304.0,122136.4,8.4,4,74
2019,6,Fantasy,Reverend Green,127515.47,70264.3,5.9,4,80
2011,12,Mystery,M. Brunette,130810.53,125244.48,1.9,2,2
2013,5,Comedy,Lady Lavender,83900.9,76384.49,6.6,5,89
2020,8,Crime,Colonel Mustard,49663.91,126524.95,2.4,3,15
2012,9,Crime,Inspector Gray,109426.91,108089.75,2.2,5,91
2011,9,Action,Chef White,94667.12,113967.12,3.1,4,94
2016,1,Drama,Mrs. Peacock,103372.95,74791.7,2.6,4,40
2010,7,Comedy,Inspector Gray,80042.52,109750.83,8.6,3,97
2020,12,Animation,Mrs. Peacock,63777.55,114832.43,2.4,4,4
2010,2,Animation,Colonel Mustard,62342.15,96500.18,6.7,3,3
2011,7,Crime,Reverend Green,66886.46,177609.29,0.5,1,41
2014,9,Drama,Professor Plum,35800.21,80437.13,2.7,4,30
2018,4,Mystery,Mrs. Peacock,66398.38,86180.99,5.5,3,96
2012,3,Horror,Mme. Rose,47640.67,76719.78,3.8,2,7
2012,12,Animation,Miss Scarlett,84769.24,108767.03,7.4,4,100
2017,11,Crime,Reverend Green,114267.99,98146.54,1.1,5,26
2014,4,Animation,Inspector Gray,73983.73,103317.64,6.7,3,56
2018,11,Adventure,Mme. Rose,100106.01,130757.17,8.6,3,7
2012,3,Mystery,Colonel Mustard,112723.66,95452.78,9.3,3,30
2019,12,Adventure,Reverend Green,20919.27,121502.95,0.2,2,70
2012,9,Fantasy,Inspector Gray,50778.77,86114.29,6.6,3,68
2015,2,Horror,Mme. Rose,59771.07,77254.33,0.9,1,13
2014,8,Comedy,Mme. Rose,81721.45,85259.99,0.5,3,92
2015,11,Crime,Colonel Mustard,112316.48,114515.31,5.8,3,30
2013,9,Drama,Chef White,88669.44,118771.2,6.2,5,77
2018,7,Animation,Dr. Orchid,65037.87,112989.75,8.1,2,66
2013,8,Action,Chef White,30240.91,75954.51,2.4,2,25
2017,7,Fantasy,Reverend Green,82374.51,88243.34,4.3,1,5
2014,4,Comedy,Lady Lavender,86533.92,106220.62,4.1,2,32
2016,9,Thriller,M. Brunette,122871.67,113676.37,7.5,3,58
2010,9,Comedy,Miss Scarlett,75682.05,107554.25,0.5,4,96
2019,4,Adventure,Lady Lavender,49169.73,105640.37,6.9,1,58
2012,8,Comedy,Professor Plum,114241.79,118470.57,6.4,4,86
2013,10,Mystery,Colonel Mustard,49232.45,117343.48,4.7,3,2
2012,11,Mystery,Inspector Gray,66022.48,122881.01,0.5,3,90
2014,6,Thriller,Colonel Mustard,91315.04,94904.77,0.6,3,54
2014,7,Action,Chef White,110575.57,99698.18,3.6,1,49
2014,5,Drama,M. Brunette,107272.73,75180.48,10.0,1,85
2012,9,Drama,Professor Plum,132569.17,134479.82,7.5,3,47
2011,7,Adventure,Lady Lavender,61364.57,71588.08,2.7,1,56
2013,4,Adventure,M. Brunette,84818.68,89857.26,5.6,1,88
2017,10,Crime,M. Brunette,104961.59,118716.74,1.1,5,55
2010,5,Adventure,Inspector Gray,67921.51,95138.61,3.9,4,23
2015,2,Fantasy,Lady Lavender,71817.42,81918.12,4.3,3,52
2017,3,Action,Colonel Mustard,78388.37,133321.54,7.7,1,65
2013,3,Fantasy,Mrs. Peacock,98267.45,120573.16,6.1,4,24
2012,6,Crime,Miss Scarlett,110849.2,135151.2,2.9,3,78
2019,2,Fantasy,Chef White,68227.13,173513.28,6.8,3,74
2017,10,Thriller,Colonel Mustard,89663.23,91036.73,0.4,1,90
2012,8,Horror,Colonel Mustard,91667.55,78118.1,6.2,3,81
2012,6,Drama,Dr. Orchid,101810.62,80722.02,5.9,2,82
2018,3,Drama,M. Brunette,82343.83,80558.66,5.9,2,84
2015,3,Mystery,Reverend Green,71957.38,80381.09,4.3,5,87
2016,7,Drama,Miss Scarlett,76147.04,99750.26,5.1,2,44
2013,5,Thriller,Reverend Green,125008.12,83055.86,7.5,4,59
2010,8,Action,Dr. Orchid,100076.67,59869.85,2.6,1,44
2013,9,Horror,Professor Plum,30847.14,115845.17,4.2,5,54
2019,12,Crime,Reverend Green,142908.24,122624.84,5.3,4,16
2019,10,Mystery,Miss Scarlett,90996.28,82956.28,7.7,3,94
2012,1,Horror,Chef White,100928.57,82297.69,9.3,4,1
2017,4,Fantasy,Dr. Orchid,77864.33,112757.51,6.6,4,85
2010,2,Fantasy,Mme. Rose,84316.9,100117.29,0.3,2,16
2012,12,Horror,Mme. Rose,76899.44,98409.95,6.6,5,62
2015,7,Crime,Lady Lavender,62784.98,51070.67,1.5,5,16
2019,11,Action,Mme. Rose,29999.85,80142.04,6.4,2,10
2017,5,Comedy,Colonel Mustard,68503.57,53257.4,5.2,2,8
2010,7,Comedy,Chef White,64539.86,108861.6,9.2,2,43
2020,9,Fantasy,Inspector Gray,70090.31,89580.11,3.1,5,25
2017,1,Fantasy,Chef White,67161.35,78347.12,0.6,5,18
2016,11,Drama,Dr. Orchid,71585.5,71703.54,2.5,3,96
2017,8,Mystery,M. Brunette,55579.63,91738.61,1.2,2,86
2015,7,Fantasy,Inspector Gray,102831.22,115877.86,4.2,1,62
2014,5,Mystery,Miss Scarlett,105240.21,90783.92,3.4,3,60
2018,1,Animation,Miss Peach,114924.16,117239.63,9.9,2,82
2016,3,Fantasy,Miss Scarlett,75144.93,113613.87,4.1,1,24
2017,1,Crime,Chef White,68117.66,124084.59,0.7,3,13
2019,12,Horror,Mme. Rose,86110.42,116978.92,4.5,1,2
2019,11,Crime,Lady Lavender,72544.42,90988.06,1.0,4,58
2010,6,Crime,Chef White,82049.24,62009.99,1.1,1,42
2011,10,Thriller,Reverend Green,60012.99,90345.81,5.6,1,49
2011,3,Adventure,Reverend Green,124620.46,80902.1,7.7,1,41
2014,2,Fantasy,Miss Scarlett,94971.64,135810.05,8.3,1,83
2019,10,Fantasy,Miss Peach,65310.32,134087.38,0.2,5,68
2013,8,Drama,Miss Scarlett,47885.72,87961.46,6.7,3,57
2015,7,Fantasy,Inspector Gray,101094.36,82886.69,0.3,2,8
2012,2,Animation,Mrs. Peacock,88286.22,131649.33,5.9,2,81
2011,1,Fantasy,Dr. Orchid,96063.24,73863.11,7.5,5,14
2015,5,Adventure,Miss Peach,118072.18,75492.39,1.2,4,1
2010,5,Drama,Dr. Orchid,74989.42,114442.09,1.7,2,19
2015,9,Comedy,Inspector Gray,81986.1,130355.39,1.3,4,39
2017,11,Mystery,Mrs. Peacock,120905.9,130095.85,5.8,4,61
2014,4,Comedy,Miss Peach,120895.45,110336.58,4.3,2,2
2015,5,Crime,Inspector Gray,92185.62,93236.65,3.8,2,49
2019,10,Horror,Lady Lavender,99275.14,64059.11,4.1,4,85
2011,2,Thriller,Dr. Orchid,121799.66,81775.69,5.7,1,3
2014,7,Crime,M. Brunette,71935.09,96646.44,2.9,4,85
2016,11,Crime,Dr. Orchid,74962.62,92205.52,8.0,4,71
2019,8,Drama,Inspector Gray,115442.16,132335.72,0.7,2,16
2019,5,Crime,Inspector Gray,37089.71,97851.86,6.7,4,1
2015,10,Fantasy,Professor Plum,75776.01,93731.97,9.4,1,91
2013,2,Crime,Colonel Mustard,77250.22,80598.22,8.3,5,30
2010,10,Adventure,Mrs. Peacock,114969.31,92676.22,9.6,4,87
2019,8,Action,Chef White,41272.25,105925.95,8.0,4,95
2013,1,Horror,Chef White,106890.36,99977.67,8.2,2,85
2018,11,Adventure,Mrs. Peacock,123348.82,136485.08,7.1,5,89
2010,9,Drama,Miss Peach,118340.7,82656.5,8.2,1,26
2015,6,Fantasy,M. Brunette,77102.68,79679.45,2.0,3,41
2015,4,Fantasy,Miss Peach,123477.83,114126.57,7.1,2,57
2020,3,Adventure,Dr. Orchid,83850.01,103508.18,5.2,5,65
2015,11,Adventure,Miss Scarlett,129371.73,107465.55,5.6,2,85
2013,7,Action,Inspector Gray,81566.62,70202.08,4.5,1,35
2017,6,Animation,Colonel Mustard,42606.31,104596.42,7.2,2,19
2016,8,Action,Miss Peach,35681.33,63541.43,2.6,5,66
2010,11,Horror,Professor Plum,55408.31,109832.96,7.9,4,3
2020,6,Thriller,M. Brunette,128217.26,116259.45,9.2,1,75
2018,5,Mystery,Dr. Orchid,83426.75,133211.68,10.0,5,26
2019,7,Horror,M. Brunette,114482.61,111690.39,5.8,4,20
2016,12,Comedy,Inspector Gray,90892.1,111291.3,2.9,2,34
2010,12,Action,M. Brunette,100575.88,114962.54,5.3,4,85
2020,2,Animation,Miss Scarlett,120537.1,127455.38,9.0,5,85
2017,8,Animation,Inspector Gray,115558.17,81503.96,4.1,2,53
2018,1,Fantasy,Mme. Rose,108325.22,63745.49,6.0,4,33
2019,7,Horror,Inspector Gray,88589.19,133202.69,6.2,4,23
2015,2,Thriller,Professor Plum,61392.33,102221.9,6.1,4,24
2013,8,Action,Dr. Orchid,63125.44,107089.47,1.5,4,31
2020,4,Action,Reverend Green,115592.12,85313.24,5.1,3,87
2020,10,Mystery,M. Brunette,132904.23,62523.9,8.5,2,3
2017,11,Horror,Lady Lavender,125903.78,66379.3,2.7,1,79
2015,11,Comedy,Reverend Green,102594.04,102932.84,5.8,5,41
2016,8,Horror,Chef White,117342.86,81967.23,5.6,5,11
2020,3,Crime,Chef White,71404.17,74334.54,6.3,1,63
2018,4,Animation,Miss Peach,38918.0,90822.51,6.5,3,87
2010,6,Horror,Reverend Green,83564.07,104259.35,7.0,3,92
2011,3,Action,Chef White,39385.04,114744.75,4.9,5,45
2014,11,Animation,M. Brunette,82734.19,97530.68,4.5,4,96
2019,11,Mystery,Colonel Mustard,91797.13,147504.52,7.2,5,60
2018,12,Crime,Colonel Mustard,108351.45,104281.28,7.4,2,72
2011,5,Drama,Chef White,81467.07,97476.34,2.5,4,64
2010,4,Comedy,M. Brunette,79915.34,144020.97,7.4,4,4
2016,6,Animation,Colonel Mustard,143378.66,109717.52,3.2,3,44
2014,7,Action,Mrs. Peacock,111611.8,107703.2,0.8,4,56
2011,7,Fantasy,Dr. Orchid,74969.86,44158.21,6.4,5,90
2012,9,Fantasy,Dr. Orchid,101150.17,117249.1,2.6,5,72
2012,12,Thriller,Reverend Green,84461.54,96064.03,3.1,2,29
2020,4,Adventure,Miss Scarlett,78926.72,136622.48,8.2,5,15
2011,9,Animation,Reverend Green,54709.9,58091.14,3.6,1,34
2018,10,Adventure,Reverend Green,57203.63,129824.24,9.9,5,48
2017,2,Comedy,Colonel Mustard,100899.89,158742.17,4.5,3,6
2016,8,Fantasy,Colonel Mustard,45306.2,26286.99,8.5,4,56
2017,10,Adventure,Reverend Green,71375.57,103433.43,0.6,2,71
2018,6,Animation,Mrs. Peacock,72550.73,95426.05,1.7,1,77
2017,2,Thriller,Inspector Gray,78320.66,109893.34,3.8,1,76
2015,11,Comedy,Miss Peach,58701.6,103012.28,6.4,5,91
2011,12,Crime,Colonel Mustard,129200.4,58054.66,5.2,1,43
2018,2,Thriller,Miss Scarlett,111592.5,93819.26,0.4,1,52
2016,3,Fantasy,Miss Scarlett,109996.31,117436.87,2.8,4,28
2018,1,Fantasy,Mrs. Peacock,120090.45,144019.04,3.4,5,93
2010,4,Crime,Chef White,103776.09,145579.33,6.3,5,72
2017,12,Adventure,Professor Plum,121866.27,75177.27,6.3,2,27
2019,10,Fantasy,Reverend Green,114838.84,120180.3,9.6,3,44
2017,1,Crime,Dr. Orchid,35016.12,100764.93,1.3,4,18
2013,12,Animation,Miss Scarlett,136679.79,94168.79,7.6,5,29
2015,1,Mystery,Dr. Orchid,2290.08,98035.2,1.7,5,78
2014,11,Drama,Reverend Green,124285.97,126529.07,0.1,1,33
2017,9,Fantasy,Colonel Mustard,108557.9,94050.57,7.5,1,97
2018,6,Adventure,Lady Lavender,78924.07,98133.27,9.3,5,23
2010,8,Mystery,M. Brunette,96755.67,67648.79,8.0,4,58
2012,7,Adventure,Mme. Rose,83941.24,135780.06,7.1,4,55
2018,12,Fantasy,Professor Plum,11237.45,124102.78,4.7,2,19
2015,7,Fantasy,Mme. Rose,159796.91,97118.78,2.9,1,57
2020,2,Comedy,Mme. Rose,89365.63,134986.29,7.3,5,42
2010,3,Animation,M. Brunette,81713.25,125014.34,2.0,5,100
2019,10,Animation,Colonel Mustard,79178.02,41735.1,4.3,1,17
2010,11,Animation,Dr. Orchid,79948.5,78247.22,8.6,2,83
2012,4,Adventure,Reverend Green,103194.2,132291.96,1.7,3,16
2012,11,Animation,Mrs. Peacock,79131.85,111679.45,1.3,5,7
2014,2,Adventure,Professor Plum,90709.02,160307.18,2.7,3,69
2019,1,Thriller,Colonel Mustard,70752.45,84594.49,4.4,1,78
2014,8,Animation,Professor Plum,97102.28,88058.45,7.5,3,95
2012,7,Crime,Mme. Rose,92878.37,43167.47,5.8,4,16
2010,10,Adventure,Miss Scarlett,111453.15,95849.21,6.3,1,32
2010,1,Comedy,Dr. Orchid,75805.84,128241.95,5.7,1,68
2011,8,Action,Mrs. Peacock,113705.53,151751.15,4.9,4,24
2015,3,Mystery,Miss Peach,86965.35,132536.57,5.0,2,38
2020,10,Adventure,Inspector Gray,95573.28,139569.0,5.2,5,28
2020,5,Fantasy,M. Brunette,95855.77,104646.29,5.6,3,7
2011,7,Fantasy,M. Brunette,76144.18,73750.36,5.4,1,12
2013,9,Comedy,Colonel Mustard,128137.14,123491.93,4.8,4,34
2015,11,Comedy,Mrs. Peacock,95016.89,132752.89,0.7,5,10
2013,10,Horror,Colonel Mustard,62068.9,62018.05,8.6,5,50
2011,5,Fantasy,Colonel Mustard,78971.66,112699.09,9.8,1,1
2016,3,Mystery,Chef White,58090.12,98861.95,5.2,2,86
2018,12,Fantasy,Miss Peach,60022.16,132217.91,7.2,2,65
2020,12,Crime,Inspector Gray,61457.19,111642.6,4.2,5,7
2014,11,Mystery,Reverend Green,96535.59,90335.89,7.7,4,51
2020,1,Drama,Inspector Gray,108812.47,76366.49,8.0,2,87
2016,10,Action,Dr. Orchid,93840.09,78235.93,7.7,3,47
2013,5,Horror,Mme. Rose,101772.0,80273.64,1.1,4,16
2015,6,Action,Reverend Green,60020.66,76437.08,3.8,5,8
2016,7,Action,Reverend Green,116448.34,137414.28,8.4,5,24
2020,5,Horror,M. Brunette,108947.03,128981.83,4.9,1,83
2013,12,Comedy,Dr. Orchid,72262.14,90215.39,1.9,5,96
2010,8,Action,Mrs. Peacock,127643.3,76239.04,3.5,5,27
2012,10,Drama,Mrs. Peacock,41279.23,80325.85,5.0,4,22
2017,1,Comedy,Mrs. Peacock,102341.04,122402.1,9.4,5,38
2013,10,Animation,Miss Peach,83888.72,97658.72,8.1,4,14
2018,2,Adventure,Colonel Mustard,79801.07,132015.25,9.8,5,93
2014,2,Animation,Lady Lavender,83338.59,94376.33,0.5,4,34
2013,11,Crime,Colonel Mustard,94223.97,91737.75,8.6,5,2
2011,7,Fantasy,M. Brunette,62277.9,81401.66,7.7,4,67
2011,6,Adventure,Miss Scarlett,63774.4,110178.23,1.5,1,65
2011,11,Action,Professor Plum,113235.88,113005.84,1.5,5,72
2014,11,Fantasy,Lady Lavender,66402.2,122477.37,9.9,3,30
2019,4,Horror,Professor Plum,108531.16,78874.63,0.7,2,5
2019,11,Horror,Dr. Orchid,95302.4,95626.05,9.8,4,32
2019,8,Thriller,Chef White,59943.39,110864.54,8.9,5,99
2011,3,Thriller,Lady Lavender,119448.23,132645.38,1.9,2,29
2016,7,Adventure,Lady Lavender,86584.58,100122.54,6.6,3,66
2019,2,Mystery,Dr. Orchid,88727.28,119849.3,9.2,5,50
2020,7,Crime,Reverend Green,74719.82,100064.51,6.9,2,63
2018,8,Action,Dr. Orchid,69275.63,89217.16,9.4,2,48
2012,6,Fantasy,Miss Scarlett,89131.25,147904.65,3.7,1,67
2020,9,Mystery,Mme. Rose,97808.81,113084.78,8.0,5,18
2017,9,Animation,Mrs. Peacock,51005.45,124099.92,8.4,4,42
2012,1,Crime,Chef White,68248.4,109186.13,6.7,4,100
2013,11,Drama,Mme. Rose,65981.7,83227.67,6.8,3,41
2010,9,Action,Dr. Orchid,92379.07,132739.24,0.9,3,79
2016,11,Mystery,Mme. Rose,119931.73,150568.94,5.1,1,77
2016,4,Crime,Dr. Orchid,71761.85,108770.67,9.8,2,53
2018,4,Drama,Chef White,93792.83,106713.84,6.5,3,96
2016,11,Thriller,Miss Scarlett,59420.22,111277.22,3.2,1,2
2020,11,Fantasy,Dr. Orchid,63577.41,80960.58,4.3,2,6
2011,6,Fantasy,Lady Lavender,74245.51,126789.4,4.6,2,13
2019,2,Comedy,Mme. Rose,134467.67,107247.48,8.6,5,14
2016,3,Comedy,M. Brunette,47767.45,125877.89,0.3,4,96
2012,5,Comedy,Dr. Orchid,114314.49,110335.81,5.8,4,49
2018,4,Crime,Dr. Orchid,130342.66,123286.72,9.0,2,78
2011,1,Animation,Lady Lavender,18849.52,69876.09,0.9,1,51
2019,3,Fantasy,Chef White,126437.19,37698.89,7.9,5,25
2020,11,Animation,Mme. Rose,118413.4,117138.55,8.7,5,25
2018,5,Animation,Miss Scarlett,73790.55,99060.45,9.6,5,25
2016,8,Horror,Miss Scarlett,56059.97,94775.05,4.7,4,96
2011,4,Drama,Miss Scarlett,102789.37,98908.55,7.2,5,46
2016,3,Animation,Mme. Rose,92791.67,89987.42,5.2,4,12
2017,11,Adventure,Dr. Orchid,93468.35,100236.11,1.9,5,2
2016,2,Drama,Professor Plum,118215.43,78055.3,1.2,5,44
2019,3,Adventure,Chef White,92008.01,89420.78,9.1,3,46
2020,12,Drama,Professor Plum,142250.35,67783.97,9.6,3,27
2016,6,Adventure,Lady Lavender,111778.99,94519.62,2.1,4,78
2016,12,Crime,Miss Peach,96525.09,117607.08,0.6,5,90
2010,8,Thriller,Lady Lavender,99821.02,127725.7,6.1,2,27
2020,6,Fantasy,Professor Plum,87859.38,122954.6,8.8,3,59
2015,1,Mystery,Reverend Green,116189.86,110847.86,2.8,4,90
2018,9,Animation,Mme. Rose,67709.35,106686.7,8.9,3,82
2012,1,Drama,Colonel Mustard,109692.07,103736.19,8.8,5,2
2010,6,Adventure,Colonel Mustard,58089.2,115552.28,0.5,3,7
2018,9,Thriller,Mme. Rose,79311.35,105166.74,9.3,1,14
2019,8,Mystery,Inspector Gray,148635.42,121154.22,6.0,4,36
2012,9,Comedy,Colonel Mustard,124201.46,93221.53,7.0,2,8
2016,5,Adventure,Miss Peach,48741.46,115129.05,9.5,5,69
2018,3,Crime,Dr. Orchid,90801.23,98316.09,3.6,3,37
2017,7,Fantasy,Mrs. Peacock,145229.28,101571.15,6.1,3,99
2012,11,Adventure,Inspector Gray,65861.92,121047.57,6.2,5,80
2014,1,Adventure,M. Brunette,83769.76,120958.31,1.8,2,94
2015,2,Fantasy,Colonel Mustard,90224.98,84664.17,6.3,1,44
2020,9,Action,Lady Lavender,136708.92,101367.39,8.2,5,18
2017,1,Thriller,Inspector Gray,164441.68,101743.36,6.2,1,66
2019,7,Mystery,Miss Peach,36078.15,100496.41,0.5,5,98
2015,12,Crime,Miss Peach,109896.23,160927.38,5.2,2,17
2017,10,Mystery,Reverend Green,85373.87,110268.48,8.4,2,48
2020,4,Comedy,Colonel Mustard,135884.4,94612.85,0.4,3,30
2020,2,Fantasy,Professor Plum,121293.8,130500.12,3.5,4,28
2015,7,Action,Mrs. Peacock,93259.45,101081.28,4.1,2,61
2012,1,Fantasy,Colonel Mustard,52607.93,79519.03,2.2,2,83
2018,1,Thriller,Miss Peach,84633.76,144921.82,7.2,3,61
2014,12,Horror,Mrs. Peacock,58672.33,158968.0,1.6,2,1
2019,1,Mystery,Chef White,75274.42,120212.66,1.4,4,13
2019,11,Horror,Mrs. Peacock,98436.18,155834.42,2.7,1,86
2012,4,Animation,M. Brunette,166935.77,137170.64,8.7,3,66
2013,3,Comedy,Chef White,75843.52,82156.1,0.6,5,27
2020,4,Adventure,Dr. Orchid,49054.97,107103.69,8.3,3,94
2016,11,Comedy,Mrs. Peacock,91330.37,96918.44,0.7,4,98
2018,6,Comedy,Dr. Orchid,112756.45,103914.72,9.7,1,4
2014,4,Action,Mrs. Peacock,44869.08,100906.32,4.0,3,84
2020,8,Mystery,Inspector Gray,84719.14,156938.85,8.6,3,64
2010,2,Drama,Colonel Mustard,80059.46,91372.65,8.9,5,19
2013,9,Drama,Inspector Gray,72928.71,98668.13,8.0,1,5
2016,2,Horror,Mrs. Peacock,76640.49,122396.31,6.0,1,78
2016,4,Animation,Mrs. Peacock,106011.81,99603.83,3.5,2,60
2012,5,Horror,Lady Lavender,116432.22,107930.13,6.6,1,69
2012,2,Horror,M. Brunette,73277.54,59196.7,1.9,3,27
2010,10,Comedy,Reverend Green,83498.6,155506.41,4.6,4,70
2017,4,Mystery,Miss Scarlett,78352.97,138034.01,1.6,3,25
2013,8,Fantasy,Mrs. Peacock,82645.79,109219.12,8.8,5,76
2011,11,Drama,M. Brunette,137000.05,53024.33,8.9,4,13
2015,11,Drama,Colonel Mustard,104979.79,109277.58,4.7,2,87
2019,10,Drama,Professor Plum,116791.65,111280.23,2.1,4,79
